{"Model Accuracy":{"0":1.0,"1":0.9996000528,"2":0.9992000461,"3":0.9992000461,"4":0.9996000528,"5":0.9068000317,"6":0.9984000325,"7":1.0,"8":0.9996000528,"9":1.0,"10":1.0,"11":0.9992000461,"12":0.9988000393,"13":1.0,"14":0.9996000528,"15":0.9996000528,"16":0.9996000528,"17":1.0,"18":0.9996000528,"19":0.9996000528,"20":0.9996000528,"21":1.0,"22":0.9996000528,"23":1.0,"24":1.0,"25":0.9960000515,"26":0.9984000325,"27":0.9996000528,"28":0.9996000528,"29":0.9996000528,"30":0.9996000528,"31":0.9996000528,"32":0.9956000447,"33":0.9996000528,"34":0.9972000718,"35":0.9980000257,"36":0.9876000285,"37":0.9996000528,"38":0.9988000393,"39":0.9992000461,"40":1.0,"41":0.9996000528,"42":1.0,"43":0.9996000528,"44":0.9996000528,"45":1.0,"46":0.9996000528,"47":0.9996000528,"48":1.0,"49":1.0,"50":0.997600019,"51":0.9988000393,"52":0.9996000528,"53":0.9996000528,"54":0.9932000637,"55":0.9996000528,"56":0.9984000325,"57":0.9988000393,"58":1.0,"59":0.9996000528,"60":1.0,"61":0.9996000528,"62":1.0,"63":0.9996000528,"64":1.0,"65":0.9992000461,"66":0.9984000325,"67":1.0,"68":0.9980000257,"69":0.9996000528,"70":0.9996000528,"71":0.9996000528,"72":0.9996000528,"73":1.0,"74":0.9964000583,"75":0.9996000528,"76":0.9996000528,"77":0.9996000528,"78":0.9996000528,"79":0.9996000528,"80":0.9992000461,"81":0.9780000448,"82":0.9992000461,"83":0.9992000461,"84":0.9996000528,"85":0.9996000528,"86":0.9996000528,"87":0.9996000528,"88":0.9996000528,"89":1.0,"90":1.0,"91":0.9996000528,"92":0.9992000461,"93":0.9992000461,"94":1.0,"95":0.9972000718,"96":1.0,"97":0.9492000341,"98":0.9996000528,"99":0.9996000528},"type Other Accuracy":{"0":0.9917355372,"1":0.9421487603,"2":0.8181818182,"3":0.9669421488,"4":0.958677686,"5":0.3569321534,"6":1.0,"7":0.9752066116,"8":0.9917355372,"9":0.9752066116,"10":0.9917355372,"11":1.0,"12":0.8347107438,"13":0.9504132231,"14":0.9173553719,"15":0.9752066116,"16":0.9090909091,"17":0.9834710744,"18":0.9421487603,"19":0.9008264463,"20":0.9669421488,"21":0.9421487603,"22":0.9834710744,"23":0.9669421488,"24":0.9917355372,"25":0.5041322314,"26":0.9918032787,"27":0.958677686,"28":0.9338842975,"29":0.9834710744,"30":0.9834710744,"31":0.9917355372,"32":0.5619834711,"33":0.9834710744,"34":0.9603174603,"35":0.6694214876,"36":0.0,"37":0.8347107438,"38":0.8760330579,"39":0.9338842975,"40":0.9917355372,"41":0.9338842975,"42":0.958677686,"43":0.9836065574,"44":0.9917355372,"45":0.958677686,"46":0.9917355372,"47":0.9834710744,"48":0.9917355372,"49":0.9752066116,"50":0.9837398374,"51":0.9918032787,"52":0.9917355372,"53":0.9338842975,"54":0.3305785124,"55":0.9834710744,"56":0.826446281,"57":0.9758064516,"58":0.9917355372,"59":0.9256198347,"60":0.9917355372,"61":0.9836065574,"62":0.9669421488,"63":0.9338842975,"64":0.9834710744,"65":0.8925619835,"66":0.7768595041,"67":0.9917355372,"68":0.6033057851,"69":0.9669421488,"70":0.958677686,"71":0.9504132231,"72":0.9669421488,"73":0.9669421488,"74":0.347107438,"75":0.8760330579,"76":0.9752066116,"77":0.9752066116,"78":0.9669421488,"79":0.9669421488,"80":0.9917355372,"81":0.0,"82":0.9836065574,"83":0.9918032787,"84":0.9917355372,"85":0.9504132231,"86":0.958677686,"87":0.9008264463,"88":0.8760330579,"89":0.9834710744,"90":0.9917355372,"91":0.9752066116,"92":0.9836065574,"93":0.8512396694,"94":0.9834710744,"95":0.9837398374,"96":0.9834710744,"97":0.5340909091,"98":0.9917355372,"99":0.9752066116},"Count Other Correct":{"0":120.0,"1":114.0,"2":99.0,"3":117.0,"4":116.0,"5":121.0,"6":121.0,"7":118.0,"8":120.0,"9":118.0,"10":120.0,"11":121.0,"12":101.0,"13":115.0,"14":111.0,"15":118.0,"16":110.0,"17":119.0,"18":114.0,"19":109.0,"20":117.0,"21":114.0,"22":119.0,"23":117.0,"24":120.0,"25":61.0,"26":121.0,"27":116.0,"28":113.0,"29":119.0,"30":119.0,"31":120.0,"32":68.0,"33":119.0,"34":121.0,"35":81.0,"36":0.0,"37":101.0,"38":106.0,"39":113.0,"40":120.0,"41":113.0,"42":116.0,"43":120.0,"44":120.0,"45":116.0,"46":120.0,"47":119.0,"48":120.0,"49":118.0,"50":121.0,"51":121.0,"52":120.0,"53":113.0,"54":40.0,"55":119.0,"56":100.0,"57":121.0,"58":120.0,"59":112.0,"60":120.0,"61":120.0,"62":117.0,"63":113.0,"64":119.0,"65":108.0,"66":94.0,"67":120.0,"68":73.0,"69":117.0,"70":116.0,"71":115.0,"72":117.0,"73":117.0,"74":42.0,"75":106.0,"76":118.0,"77":118.0,"78":117.0,"79":117.0,"80":120.0,"81":0.0,"82":120.0,"83":121.0,"84":120.0,"85":115.0,"86":116.0,"87":109.0,"88":106.0,"89":119.0,"90":120.0,"91":118.0,"92":120.0,"93":103.0,"94":119.0,"95":121.0,"96":119.0,"97":94.0,"98":120.0,"99":118.0},"Count Other Incorrect":{"0":1.0,"1":7.0,"2":22.0,"3":4.0,"4":5.0,"5":218.0,"6":0.0,"7":3.0,"8":1.0,"9":3.0,"10":1.0,"11":0.0,"12":20.0,"13":6.0,"14":10.0,"15":3.0,"16":11.0,"17":2.0,"18":7.0,"19":12.0,"20":4.0,"21":7.0,"22":2.0,"23":4.0,"24":1.0,"25":60.0,"26":1.0,"27":5.0,"28":8.0,"29":2.0,"30":2.0,"31":1.0,"32":53.0,"33":2.0,"34":5.0,"35":40.0,"36":121.0,"37":20.0,"38":15.0,"39":8.0,"40":1.0,"41":8.0,"42":5.0,"43":2.0,"44":1.0,"45":5.0,"46":1.0,"47":2.0,"48":1.0,"49":3.0,"50":2.0,"51":1.0,"52":1.0,"53":8.0,"54":81.0,"55":2.0,"56":21.0,"57":3.0,"58":1.0,"59":9.0,"60":1.0,"61":2.0,"62":4.0,"63":8.0,"64":2.0,"65":13.0,"66":27.0,"67":1.0,"68":48.0,"69":4.0,"70":5.0,"71":6.0,"72":4.0,"73":4.0,"74":79.0,"75":15.0,"76":3.0,"77":3.0,"78":4.0,"79":4.0,"80":1.0,"81":194.0,"82":2.0,"83":1.0,"84":1.0,"85":6.0,"86":5.0,"87":12.0,"88":15.0,"89":2.0,"90":1.0,"91":3.0,"92":2.0,"93":18.0,"94":2.0,"95":2.0,"96":2.0,"97":82.0,"98":1.0,"99":3.0}}